Mean Accuracy,Parmeters
0.906433,"{'classifier': XGBClassifier(base_score=None, booster=None, callbacks=None,
              colsample_bylevel=None, colsample_bynode=None,
              colsample_bytree=None, device=None, early_stopping_rounds=None,
              enable_categorical=False, eval_metric=None, feature_types=None,
              gamma=None, grow_policy=None, importance_type=None,
              interaction_constraints=None, learning_rate=0.01, max_bin=None,
              max_cat_threshold=None, max_cat_to_onehot=None,
              max_delta_step=None, max_depth=5, max_leaves=None,
              min_child_weight=None, missing=nan, monotone_constraints=None,
              multi_strategy=None, n_estimators=100, n_jobs=None,
              num_parallel_tree=None, random_state=None, ...), 'classifier__learning_rate': 0.01, 'classifier__max_depth': 5, 'classifier__n_estimators': 100}"
0.906433,"{'classifier': XGBClassifier(base_score=None, booster=None, callbacks=None,
              colsample_bylevel=None, colsample_bynode=None,
              colsample_bytree=None, device=None, early_stopping_rounds=None,
              enable_categorical=False, eval_metric=None, feature_types=None,
              gamma=None, grow_policy=None, importance_type=None,
              interaction_constraints=None, learning_rate=0.01, max_bin=None,
              max_cat_threshold=None, max_cat_to_onehot=None,
              max_delta_step=None, max_depth=5, max_leaves=None,
              min_child_weight=None, missing=nan, monotone_constraints=None,
              multi_strategy=None, n_estimators=100, n_jobs=None,
              num_parallel_tree=None, random_state=None, ...), 'classifier__learning_rate': 0.01, 'classifier__max_depth': 10, 'classifier__n_estimators': 200}"
0.906433,"{'classifier': XGBClassifier(base_score=None, booster=None, callbacks=None,
              colsample_bylevel=None, colsample_bynode=None,
              colsample_bytree=None, device=None, early_stopping_rounds=None,
              enable_categorical=False, eval_metric=None, feature_types=None,
              gamma=None, grow_policy=None, importance_type=None,
              interaction_constraints=None, learning_rate=0.01, max_bin=None,
              max_cat_threshold=None, max_cat_to_onehot=None,
              max_delta_step=None, max_depth=5, max_leaves=None,
              min_child_weight=None, missing=nan, monotone_constraints=None,
              multi_strategy=None, n_estimators=100, n_jobs=None,
              num_parallel_tree=None, random_state=None, ...), 'classifier__learning_rate': 0.01, 'classifier__max_depth': 5, 'classifier__n_estimators': 200}"
0.900877,"{'classifier': XGBClassifier(base_score=None, booster=None, callbacks=None,
              colsample_bylevel=None, colsample_bynode=None,
              colsample_bytree=None, device=None, early_stopping_rounds=None,
              enable_categorical=False, eval_metric=None, feature_types=None,
              gamma=None, grow_policy=None, importance_type=None,
              interaction_constraints=None, learning_rate=0.01, max_bin=None,
              max_cat_threshold=None, max_cat_to_onehot=None,
              max_delta_step=None, max_depth=5, max_leaves=None,
              min_child_weight=None, missing=nan, monotone_constraints=None,
              multi_strategy=None, n_estimators=100, n_jobs=None,
              num_parallel_tree=None, random_state=None, ...), 'classifier__learning_rate': 0.1, 'classifier__max_depth': 3, 'classifier__n_estimators': 200}"
0.900877,"{'classifier': XGBClassifier(base_score=None, booster=None, callbacks=None,
              colsample_bylevel=None, colsample_bynode=None,
              colsample_bytree=None, device=None, early_stopping_rounds=None,
              enable_categorical=False, eval_metric=None, feature_types=None,
              gamma=None, grow_policy=None, importance_type=None,
              interaction_constraints=None, learning_rate=0.01, max_bin=None,
              max_cat_threshold=None, max_cat_to_onehot=None,
              max_delta_step=None, max_depth=5, max_leaves=None,
              min_child_weight=None, missing=nan, monotone_constraints=None,
              multi_strategy=None, n_estimators=100, n_jobs=None,
              num_parallel_tree=None, random_state=None, ...), 'classifier__learning_rate': 0.01, 'classifier__max_depth': 10, 'classifier__n_estimators': 100}"
0.900877,"{'classifier': LGBMClassifier(), 'classifier__learning_rate': 0.1, 'classifier__max_depth': 3, 'classifier__n_estimators': 200, 'classifier__num_leaves': 1024}"
0.900877,"{'classifier': XGBClassifier(base_score=None, booster=None, callbacks=None,
              colsample_bylevel=None, colsample_bynode=None,
              colsample_bytree=None, device=None, early_stopping_rounds=None,
              enable_categorical=False, eval_metric=None, feature_types=None,
              gamma=None, grow_policy=None, importance_type=None,
              interaction_constraints=None, learning_rate=0.01, max_bin=None,
              max_cat_threshold=None, max_cat_to_onehot=None,
              max_delta_step=None, max_depth=5, max_leaves=None,
              min_child_weight=None, missing=nan, monotone_constraints=None,
              multi_strategy=None, n_estimators=100, n_jobs=None,
              num_parallel_tree=None, random_state=None, ...), 'classifier__learning_rate': 0.1, 'classifier__max_depth': 10, 'classifier__n_estimators': 50}"
0.900877,"{'classifier': XGBClassifier(base_score=None, booster=None, callbacks=None,
              colsample_bylevel=None, colsample_bynode=None,
              colsample_bytree=None, device=None, early_stopping_rounds=None,
              enable_categorical=False, eval_metric=None, feature_types=None,
              gamma=None, grow_policy=None, importance_type=None,
              interaction_constraints=None, learning_rate=0.01, max_bin=None,
              max_cat_threshold=None, max_cat_to_onehot=None,
              max_delta_step=None, max_depth=5, max_leaves=None,
              min_child_weight=None, missing=nan, monotone_constraints=None,
              multi_strategy=None, n_estimators=100, n_jobs=None,
              num_parallel_tree=None, random_state=None, ...), 'classifier__learning_rate': 0.1, 'classifier__max_depth': 5, 'classifier__n_estimators': 50}"
0.895322,"{'classifier': XGBClassifier(base_score=None, booster=None, callbacks=None,
              colsample_bylevel=None, colsample_bynode=None,
              colsample_bytree=None, device=None, early_stopping_rounds=None,
              enable_categorical=False, eval_metric=None, feature_types=None,
              gamma=None, grow_policy=None, importance_type=None,
              interaction_constraints=None, learning_rate=0.01, max_bin=None,
              max_cat_threshold=None, max_cat_to_onehot=None,
              max_delta_step=None, max_depth=5, max_leaves=None,
              min_child_weight=None, missing=nan, monotone_constraints=None,
              multi_strategy=None, n_estimators=100, n_jobs=None,
              num_parallel_tree=None, random_state=None, ...), 'classifier__learning_rate': 0.01, 'classifier__max_depth': 3, 'classifier__n_estimators': 200}"
0.889766,"{'classifier': XGBClassifier(base_score=None, booster=None, callbacks=None,
              colsample_bylevel=None, colsample_bynode=None,
              colsample_bytree=None, device=None, early_stopping_rounds=None,
              enable_categorical=False, eval_metric=None, feature_types=None,
              gamma=None, grow_policy=None, importance_type=None,
              interaction_constraints=None, learning_rate=0.01, max_bin=None,
              max_cat_threshold=None, max_cat_to_onehot=None,
              max_delta_step=None, max_depth=5, max_leaves=None,
              min_child_weight=None, missing=nan, monotone_constraints=None,
              multi_strategy=None, n_estimators=100, n_jobs=None,
              num_parallel_tree=None, random_state=None, ...), 'classifier__learning_rate': 0.1, 'classifier__max_depth': 3, 'classifier__n_estimators': 50}"
0.889766,"{'classifier': DecisionTreeClassifier(), 'classifier__criterion': 'gini', 'classifier__max_depth': 5}"
0.889766,"{'classifier': XGBClassifier(base_score=None, booster=None, callbacks=None,
              colsample_bylevel=None, colsample_bynode=None,
              colsample_bytree=None, device=None, early_stopping_rounds=None,
              enable_categorical=False, eval_metric=None, feature_types=None,
              gamma=None, grow_policy=None, importance_type=None,
              interaction_constraints=None, learning_rate=0.01, max_bin=None,
              max_cat_threshold=None, max_cat_to_onehot=None,
              max_delta_step=None, max_depth=5, max_leaves=None,
              min_child_weight=None, missing=nan, monotone_constraints=None,
              multi_strategy=None, n_estimators=100, n_jobs=None,
              num_parallel_tree=None, random_state=None, ...), 'classifier__learning_rate': 0.1, 'classifier__max_depth': 5, 'classifier__n_estimators': 100}"
0.889766,"{'classifier': GradientBoostingClassifier(), 'classifier__learning_rate': 0.01, 'classifier__max_depth': 3, 'classifier__n_estimators': 200}"
0.889766,"{'classifier': GradientBoostingClassifier(), 'classifier__learning_rate': 0.01, 'classifier__max_depth': 3, 'classifier__n_estimators': 100}"
0.889766,"{'classifier': XGBClassifier(base_score=None, booster=None, callbacks=None,
              colsample_bylevel=None, colsample_bynode=None,
              colsample_bytree=None, device=None, early_stopping_rounds=None,
              enable_categorical=False, eval_metric=None, feature_types=None,
              gamma=None, grow_policy=None, importance_type=None,
              interaction_constraints=None, learning_rate=0.01, max_bin=None,
              max_cat_threshold=None, max_cat_to_onehot=None,
              max_delta_step=None, max_depth=5, max_leaves=None,
              min_child_weight=None, missing=nan, monotone_constraints=None,
              multi_strategy=None, n_estimators=100, n_jobs=None,
              num_parallel_tree=None, random_state=None, ...), 'classifier__learning_rate': 0.1, 'classifier__max_depth': 10, 'classifier__n_estimators': 100}"
0.889766,"{'classifier': XGBClassifier(base_score=None, booster=None, callbacks=None,
              colsample_bylevel=None, colsample_bynode=None,
              colsample_bytree=None, device=None, early_stopping_rounds=None,
              enable_categorical=False, eval_metric=None, feature_types=None,
              gamma=None, grow_policy=None, importance_type=None,
              interaction_constraints=None, learning_rate=0.01, max_bin=None,
              max_cat_threshold=None, max_cat_to_onehot=None,
              max_delta_step=None, max_depth=5, max_leaves=None,
              min_child_weight=None, missing=nan, monotone_constraints=None,
              multi_strategy=None, n_estimators=100, n_jobs=None,
              num_parallel_tree=None, random_state=None, ...), 'classifier__learning_rate': 0.01, 'classifier__max_depth': 3, 'classifier__n_estimators': 100}"
0.889766,"{'classifier': AdaBoostClassifier(), 'classifier__estimator': DecisionTreeClassifier(max_depth=5), 'classifier__learning_rate': 0.001, 'classifier__n_estimators': 50}"
0.889766,"{'classifier': AdaBoostClassifier(), 'classifier__estimator': DecisionTreeClassifier(max_depth=3), 'classifier__learning_rate': 0.001, 'classifier__n_estimators': 200}"
0.889766,"{'classifier': AdaBoostClassifier(), 'classifier__estimator': DecisionTreeClassifier(max_depth=3), 'classifier__learning_rate': 0.001, 'classifier__n_estimators': 100}"
0.889766,"{'classifier': LGBMClassifier(), 'classifier__learning_rate': 0.1, 'classifier__max_depth': 3, 'classifier__n_estimators': 50, 'classifier__num_leaves': 1024}"
0.889766,"{'classifier': LGBMClassifier(), 'classifier__learning_rate': 0.1, 'classifier__max_depth': 3, 'classifier__n_estimators': 100, 'classifier__num_leaves': 1024}"
0.889474,"{'classifier': RandomForestClassifier(), 'classifier__bootstrap': True, 'classifier__criterion': 'entropy', 'classifier__max_depth': 5, 'classifier__n_estimators': 200}"
0.889474,"{'classifier': RandomForestClassifier(), 'classifier__bootstrap': True, 'classifier__criterion': 'entropy', 'classifier__max_depth': 10, 'classifier__n_estimators': 100}"
0.884211,"{'classifier': GradientBoostingClassifier(), 'classifier__learning_rate': 0.01, 'classifier__max_depth': 5, 'classifier__n_estimators': 100}"
0.884211,"{'classifier': XGBClassifier(base_score=None, booster=None, callbacks=None,
              colsample_bylevel=None, colsample_bynode=None,
              colsample_bytree=None, device=None, early_stopping_rounds=None,
              enable_categorical=False, eval_metric=None, feature_types=None,
              gamma=None, grow_policy=None, importance_type=None,
              interaction_constraints=None, learning_rate=0.01, max_bin=None,
              max_cat_threshold=None, max_cat_to_onehot=None,
              max_delta_step=None, max_depth=5, max_leaves=None,
              min_child_weight=None, missing=nan, monotone_constraints=None,
              multi_strategy=None, n_estimators=100, n_jobs=None,
              num_parallel_tree=None, random_state=None, ...), 'classifier__learning_rate': 0.1, 'classifier__max_depth': 3, 'classifier__n_estimators': 100}"
0.884211,"{'classifier': LGBMClassifier(), 'classifier__learning_rate': 0.1, 'classifier__max_depth': 10, 'classifier__n_estimators': 200, 'classifier__num_leaves': 1024}"
0.884211,"{'classifier': XGBClassifier(base_score=None, booster=None, callbacks=None,
              colsample_bylevel=None, colsample_bynode=None,
              colsample_bytree=None, device=None, early_stopping_rounds=None,
              enable_categorical=False, eval_metric=None, feature_types=None,
              gamma=None, grow_policy=None, importance_type=None,
              interaction_constraints=None, learning_rate=0.01, max_bin=None,
              max_cat_threshold=None, max_cat_to_onehot=None,
              max_delta_step=None, max_depth=5, max_leaves=None,
              min_child_weight=None, missing=nan, monotone_constraints=None,
              multi_strategy=None, n_estimators=100, n_jobs=None,
              num_parallel_tree=None, random_state=None, ...), 'classifier__learning_rate': 0.1, 'classifier__max_depth': 5, 'classifier__n_estimators': 200}"
0.884211,"{'classifier': GradientBoostingClassifier(), 'classifier__learning_rate': 0.01, 'classifier__max_depth': 5, 'classifier__n_estimators': 200}"
0.884211,"{'classifier': XGBClassifier(base_score=None, booster=None, callbacks=None,
              colsample_bylevel=None, colsample_bynode=None,
              colsample_bytree=None, device=None, early_stopping_rounds=None,
              enable_categorical=False, eval_metric=None, feature_types=None,
              gamma=None, grow_policy=None, importance_type=None,
              interaction_constraints=None, learning_rate=0.01, max_bin=None,
              max_cat_threshold=None, max_cat_to_onehot=None,
              max_delta_step=None, max_depth=5, max_leaves=None,
              min_child_weight=None, missing=nan, monotone_constraints=None,
              multi_strategy=None, n_estimators=100, n_jobs=None,
              num_parallel_tree=None, random_state=None, ...), 'classifier__learning_rate': 0.1, 'classifier__max_depth': 10, 'classifier__n_estimators': 200}"
0.884211,"{'classifier': BaggingClassifier(), 'classifier__estimator': DecisionTreeClassifier(max_depth=5), 'classifier__n_estimators': 50}"
0.884211,"{'classifier': AdaBoostClassifier(), 'classifier__estimator': DecisionTreeClassifier(max_depth=5), 'classifier__learning_rate': 0.001, 'classifier__n_estimators': 100}"
0.884211,"{'classifier': BaggingClassifier(), 'classifier__estimator': DecisionTreeClassifier(max_depth=5), 'classifier__n_estimators': 100}"
0.884211,"{'classifier': LGBMClassifier(), 'classifier__learning_rate': 0.1, 'classifier__max_depth': 10, 'classifier__n_estimators': 100, 'classifier__num_leaves': 1024}"
0.883918,"{'classifier': RandomForestClassifier(), 'classifier__bootstrap': True, 'classifier__criterion': 'gini', 'classifier__max_depth': 5, 'classifier__n_estimators': 100}"
0.878655,"{'classifier': GradientBoostingClassifier(), 'classifier__learning_rate': 0.1, 'classifier__max_depth': 10, 'classifier__n_estimators': 50}"
0.878655,"{'classifier': GradientBoostingClassifier(), 'classifier__learning_rate': 0.1, 'classifier__max_depth': 10, 'classifier__n_estimators': 100}"
0.878655,"{'classifier': GradientBoostingClassifier(), 'classifier__learning_rate': 0.1, 'classifier__max_depth': 10, 'classifier__n_estimators': 200}"
0.878655,"{'classifier': GradientBoostingClassifier(), 'classifier__learning_rate': 0.1, 'classifier__max_depth': 5, 'classifier__n_estimators': 50}"
0.878655,"{'classifier': GradientBoostingClassifier(), 'classifier__learning_rate': 0.1, 'classifier__max_depth': 3, 'classifier__n_estimators': 50}"
0.878655,"{'classifier': LGBMClassifier(), 'classifier__learning_rate': 0.1, 'classifier__max_depth': 10, 'classifier__n_estimators': 50, 'classifier__num_leaves': 1024}"
0.878655,"{'classifier': GradientBoostingClassifier(), 'classifier__learning_rate': 0.01, 'classifier__max_depth': 10, 'classifier__n_estimators': 200}"
0.878655,"{'classifier': LGBMClassifier(), 'classifier__learning_rate': 0.1, 'classifier__max_depth': 5, 'classifier__n_estimators': 200, 'classifier__num_leaves': 1024}"
0.878655,"{'classifier': LGBMClassifier(), 'classifier__learning_rate': 0.1, 'classifier__max_depth': 5, 'classifier__n_estimators': 100, 'classifier__num_leaves': 1024}"
0.878655,"{'classifier': LGBMClassifier(), 'classifier__learning_rate': 0.1, 'classifier__max_depth': 5, 'classifier__n_estimators': 50, 'classifier__num_leaves': 1024}"
0.878655,"{'classifier': AdaBoostClassifier(), 'classifier__estimator': DecisionTreeClassifier(max_depth=3), 'classifier__learning_rate': 0.001, 'classifier__n_estimators': 50}"
0.878363,"{'classifier': LGBMClassifier(), 'classifier__learning_rate': 0.01, 'classifier__max_depth': 3, 'classifier__n_estimators': 100, 'classifier__num_leaves': 1024}"
0.878363,"{'classifier': XGBClassifier(base_score=None, booster=None, callbacks=None,
              colsample_bylevel=None, colsample_bynode=None,
              colsample_bytree=None, device=None, early_stopping_rounds=None,
              enable_categorical=False, eval_metric=None, feature_types=None,
              gamma=None, grow_policy=None, importance_type=None,
              interaction_constraints=None, learning_rate=0.01, max_bin=None,
              max_cat_threshold=None, max_cat_to_onehot=None,
              max_delta_step=None, max_depth=5, max_leaves=None,
              min_child_weight=None, missing=nan, monotone_constraints=None,
              multi_strategy=None, n_estimators=100, n_jobs=None,
              num_parallel_tree=None, random_state=None, ...), 'classifier__learning_rate': 0.01, 'classifier__max_depth': 5, 'classifier__n_estimators': 50}"
0.878363,"{'classifier': RandomForestClassifier(), 'classifier__bootstrap': True, 'classifier__criterion': 'entropy', 'classifier__max_depth': 3, 'classifier__n_estimators': 200}"
0.878363,"{'classifier': XGBClassifier(base_score=None, booster=None, callbacks=None,
              colsample_bylevel=None, colsample_bynode=None,
              colsample_bytree=None, device=None, early_stopping_rounds=None,
              enable_categorical=False, eval_metric=None, feature_types=None,
              gamma=None, grow_policy=None, importance_type=None,
              interaction_constraints=None, learning_rate=0.01, max_bin=None,
              max_cat_threshold=None, max_cat_to_onehot=None,
              max_delta_step=None, max_depth=5, max_leaves=None,
              min_child_weight=None, missing=nan, monotone_constraints=None,
              multi_strategy=None, n_estimators=100, n_jobs=None,
              num_parallel_tree=None, random_state=None, ...), 'classifier__learning_rate': 0.01, 'classifier__max_depth': 10, 'classifier__n_estimators': 50}"
0.878363,"{'classifier': RandomForestClassifier(), 'classifier__bootstrap': True, 'classifier__criterion': 'entropy', 'classifier__max_depth': 10, 'classifier__n_estimators': 200}"
0.878363,"{'classifier': RandomForestClassifier(), 'classifier__bootstrap': True, 'classifier__criterion': 'entropy', 'classifier__max_depth': 10, 'classifier__n_estimators': 50}"
0.878363,"{'classifier': RandomForestClassifier(), 'classifier__bootstrap': True, 'classifier__criterion': 'entropy', 'classifier__max_depth': 5, 'classifier__n_estimators': 100}"
0.873099,"{'classifier': GradientBoostingClassifier(), 'classifier__learning_rate': 0.01, 'classifier__max_depth': 10, 'classifier__n_estimators': 100}"
0.873099,"{'classifier': GradientBoostingClassifier(), 'classifier__learning_rate': 0.1, 'classifier__max_depth': 5, 'classifier__n_estimators': 200}"
0.873099,"{'classifier': GradientBoostingClassifier(), 'classifier__learning_rate': 0.1, 'classifier__max_depth': 5, 'classifier__n_estimators': 100}"
0.873099,"{'classifier': DecisionTreeClassifier(), 'classifier__criterion': 'gini', 'classifier__max_depth': 3}"
0.873099,"{'classifier': RandomForestClassifier(), 'classifier__bootstrap': True, 'classifier__criterion': 'gini', 'classifier__max_depth': 10, 'classifier__n_estimators': 100}"
0.873099,"{'classifier': AdaBoostClassifier(), 'classifier__estimator': DecisionTreeClassifier(max_depth=5), 'classifier__learning_rate': 0.001, 'classifier__n_estimators': 200}"
0.873099,"{'classifier': DecisionTreeClassifier(), 'classifier__criterion': 'gini', 'classifier__max_depth': 10}"
0.872807,"{'classifier': LGBMClassifier(), 'classifier__learning_rate': 0.01, 'classifier__max_depth': 10, 'classifier__n_estimators': 100, 'classifier__num_leaves': 1024}"
0.872807,"{'classifier': RandomForestClassifier(), 'classifier__bootstrap': True, 'classifier__criterion': 'gini', 'classifier__max_depth': 5, 'classifier__n_estimators': 200}"
0.872807,"{'classifier': RandomForestClassifier(), 'classifier__bootstrap': True, 'classifier__criterion': 'gini', 'classifier__max_depth': 3, 'classifier__n_estimators': 100}"
0.872807,"{'classifier': RandomForestClassifier(), 'classifier__bootstrap': False, 'classifier__criterion': 'gini', 'classifier__max_depth': 5, 'classifier__n_estimators': 50}"
0.872807,"{'classifier': XGBClassifier(base_score=None, booster=None, callbacks=None,
              colsample_bylevel=None, colsample_bynode=None,
              colsample_bytree=None, device=None, early_stopping_rounds=None,
              enable_categorical=False, eval_metric=None, feature_types=None,
              gamma=None, grow_policy=None, importance_type=None,
              interaction_constraints=None, learning_rate=0.01, max_bin=None,
              max_cat_threshold=None, max_cat_to_onehot=None,
              max_delta_step=None, max_depth=5, max_leaves=None,
              min_child_weight=None, missing=nan, monotone_constraints=None,
              multi_strategy=None, n_estimators=100, n_jobs=None,
              num_parallel_tree=None, random_state=None, ...), 'classifier__learning_rate': 0.01, 'classifier__max_depth': 3, 'classifier__n_estimators': 50}"
0.872807,"{'classifier': RandomForestClassifier(), 'classifier__bootstrap': False, 'classifier__criterion': 'gini', 'classifier__max_depth': 10, 'classifier__n_estimators': 50}"
0.872807,"{'classifier': RandomForestClassifier(), 'classifier__bootstrap': True, 'classifier__criterion': 'gini', 'classifier__max_depth': 3, 'classifier__n_estimators': 50}"
0.872807,"{'classifier': LGBMClassifier(), 'classifier__learning_rate': 0.01, 'classifier__max_depth': 3, 'classifier__n_estimators': 50, 'classifier__num_leaves': 1024}"
0.872807,"{'classifier': LGBMClassifier(), 'classifier__learning_rate': 0.01, 'classifier__max_depth': 5, 'classifier__n_estimators': 50, 'classifier__num_leaves': 1024}"
0.872807,"{'classifier': RandomForestClassifier(), 'classifier__bootstrap': True, 'classifier__criterion': 'gini', 'classifier__max_depth': 10, 'classifier__n_estimators': 200}"
0.872807,"{'classifier': LGBMClassifier(), 'classifier__learning_rate': 0.01, 'classifier__max_depth': 10, 'classifier__n_estimators': 50, 'classifier__num_leaves': 1024}"
0.872807,"{'classifier': LGBMClassifier(), 'classifier__learning_rate': 0.01, 'classifier__max_depth': 5, 'classifier__n_estimators': 100, 'classifier__num_leaves': 1024}"
0.872807,"{'classifier': GradientBoostingClassifier(), 'classifier__learning_rate': 0.01, 'classifier__max_depth': 3, 'classifier__n_estimators': 50}"
0.867544,"{'classifier': GradientBoostingClassifier(), 'classifier__learning_rate': 0.01, 'classifier__max_depth': 10, 'classifier__n_estimators': 50}"
0.867544,"{'classifier': BaggingClassifier(), 'classifier__estimator': DecisionTreeClassifier(max_depth=5), 'classifier__n_estimators': 10}"
0.867544,"{'classifier': RandomForestClassifier(), 'classifier__bootstrap': False, 'classifier__criterion': 'gini', 'classifier__max_depth': 10, 'classifier__n_estimators': 100}"
0.867251,"{'classifier': RandomForestClassifier(), 'classifier__bootstrap': True, 'classifier__criterion': 'gini', 'classifier__max_depth': 3, 'classifier__n_estimators': 200}"
0.867251,"{'classifier': RandomForestClassifier(), 'classifier__bootstrap': False, 'classifier__criterion': 'entropy', 'classifier__max_depth': 10, 'classifier__n_estimators': 50}"
0.867251,"{'classifier': RandomForestClassifier(), 'classifier__bootstrap': True, 'classifier__criterion': 'entropy', 'classifier__max_depth': 3, 'classifier__n_estimators': 50}"
0.867251,"{'classifier': RandomForestClassifier(), 'classifier__bootstrap': True, 'classifier__criterion': 'entropy', 'classifier__max_depth': 5, 'classifier__n_estimators': 50}"
0.861988,"{'classifier': DecisionTreeClassifier(), 'classifier__criterion': 'entropy', 'classifier__max_depth': 3}"
0.861988,"{'classifier': AdaBoostClassifier(), 'classifier__estimator': DecisionTreeClassifier(max_depth=5), 'classifier__learning_rate': 0.01, 'classifier__n_estimators': 100}"
0.861988,"{'classifier': AdaBoostClassifier(), 'classifier__estimator': DecisionTreeClassifier(max_depth=3), 'classifier__learning_rate': 0.01, 'classifier__n_estimators': 50}"
0.861988,"{'classifier': GradientBoostingClassifier(), 'classifier__learning_rate': 0.1, 'classifier__max_depth': 3, 'classifier__n_estimators': 100}"
0.861988,"{'classifier': GradientBoostingClassifier(), 'classifier__learning_rate': 0.01, 'classifier__max_depth': 5, 'classifier__n_estimators': 50}"
0.861988,"{'classifier': AdaBoostClassifier(), 'classifier__estimator': DecisionTreeClassifier(max_depth=3), 'classifier__learning_rate': 0.01, 'classifier__n_estimators': 200}"
0.861988,"{'classifier': AdaBoostClassifier(), 'classifier__estimator': DecisionTreeClassifier(max_depth=5), 'classifier__learning_rate': 0.01, 'classifier__n_estimators': 50}"
0.861988,"{'classifier': LGBMClassifier(), 'classifier__learning_rate': 0.01, 'classifier__max_depth': 10, 'classifier__n_estimators': 200, 'classifier__num_leaves': 1024}"
0.861988,"{'classifier': LGBMClassifier(), 'classifier__learning_rate': 0.01, 'classifier__max_depth': 5, 'classifier__n_estimators': 200, 'classifier__num_leaves': 1024}"
0.861988,"{'classifier': RandomForestClassifier(), 'classifier__bootstrap': False, 'classifier__criterion': 'entropy', 'classifier__max_depth': 10, 'classifier__n_estimators': 200}"
0.861696,"{'classifier': RandomForestClassifier(), 'classifier__bootstrap': False, 'classifier__criterion': 'gini', 'classifier__max_depth': 5, 'classifier__n_estimators': 200}"
0.861696,"{'classifier': RandomForestClassifier(), 'classifier__bootstrap': True, 'classifier__criterion': 'entropy', 'classifier__max_depth': 3, 'classifier__n_estimators': 100}"
0.861696,"{'classifier': RandomForestClassifier(), 'classifier__bootstrap': True, 'classifier__criterion': 'gini', 'classifier__max_depth': 10, 'classifier__n_estimators': 50}"
0.861696,"{'classifier': RandomForestClassifier(), 'classifier__bootstrap': True, 'classifier__criterion': 'gini', 'classifier__max_depth': 5, 'classifier__n_estimators': 50}"
0.861696,"{'classifier': RandomForestClassifier(), 'classifier__bootstrap': False, 'classifier__criterion': 'gini', 'classifier__max_depth': 5, 'classifier__n_estimators': 100}"
0.856433,"{'classifier': AdaBoostClassifier(), 'classifier__estimator': DecisionTreeClassifier(max_depth=3), 'classifier__learning_rate': 0.1, 'classifier__n_estimators': 50}"
0.856433,"{'classifier': RandomForestClassifier(), 'classifier__bootstrap': False, 'classifier__criterion': 'gini', 'classifier__max_depth': 10, 'classifier__n_estimators': 200}"
0.856433,"{'classifier': RandomForestClassifier(), 'classifier__bootstrap': False, 'classifier__criterion': 'entropy', 'classifier__max_depth': 10, 'classifier__n_estimators': 100}"
0.856433,"{'classifier': DecisionTreeClassifier(), 'classifier__criterion': 'entropy', 'classifier__max_depth': 5}"
0.856433,"{'classifier': AdaBoostClassifier(), 'classifier__estimator': DecisionTreeClassifier(max_depth=3), 'classifier__learning_rate': 0.01, 'classifier__n_estimators': 100}"
0.85614,"{'classifier': RandomForestClassifier(), 'classifier__bootstrap': False, 'classifier__criterion': 'gini', 'classifier__max_depth': 3, 'classifier__n_estimators': 100}"
0.85614,"{'classifier': RandomForestClassifier(), 'classifier__bootstrap': False, 'classifier__criterion': 'entropy', 'classifier__max_depth': 3, 'classifier__n_estimators': 50}"
0.85614,"{'classifier': RandomForestClassifier(), 'classifier__bootstrap': False, 'classifier__criterion': 'gini', 'classifier__max_depth': 3, 'classifier__n_estimators': 200}"
0.85614,"{'classifier': RandomForestClassifier(), 'classifier__bootstrap': False, 'classifier__criterion': 'entropy', 'classifier__max_depth': 3, 'classifier__n_estimators': 200}"
0.85614,"{'classifier': RandomForestClassifier(), 'classifier__bootstrap': False, 'classifier__criterion': 'entropy', 'classifier__max_depth': 5, 'classifier__n_estimators': 100}"
0.85614,"{'classifier': RandomForestClassifier(), 'classifier__bootstrap': False, 'classifier__criterion': 'entropy', 'classifier__max_depth': 5, 'classifier__n_estimators': 200}"
0.850877,"{'classifier': LGBMClassifier(), 'classifier__learning_rate': 0.01, 'classifier__max_depth': 3, 'classifier__n_estimators': 200, 'classifier__num_leaves': 1024}"
0.850877,"{'classifier': AdaBoostClassifier(), 'classifier__estimator': DecisionTreeClassifier(max_depth=3), 'classifier__learning_rate': 0.1, 'classifier__n_estimators': 200}"
0.850877,"{'classifier': AdaBoostClassifier(), 'classifier__estimator': DecisionTreeClassifier(max_depth=5), 'classifier__learning_rate': 0.1, 'classifier__n_estimators': 100}"
0.850877,"{'classifier': GradientBoostingClassifier(), 'classifier__learning_rate': 0.1, 'classifier__max_depth': 3, 'classifier__n_estimators': 200}"
0.850877,"{'classifier': AdaBoostClassifier(), 'classifier__estimator': DecisionTreeClassifier(max_depth=5), 'classifier__learning_rate': 0.1, 'classifier__n_estimators': 200}"
0.850877,"{'classifier': AdaBoostClassifier(), 'classifier__estimator': DecisionTreeClassifier(max_depth=3), 'classifier__learning_rate': 0.1, 'classifier__n_estimators': 100}"
0.850585,"{'classifier': RandomForestClassifier(), 'classifier__bootstrap': False, 'classifier__criterion': 'gini', 'classifier__max_depth': 3, 'classifier__n_estimators': 50}"
0.850585,"{'classifier': RandomForestClassifier(), 'classifier__bootstrap': False, 'classifier__criterion': 'entropy', 'classifier__max_depth': 3, 'classifier__n_estimators': 100}"
0.850585,"{'classifier': RandomForestClassifier(), 'classifier__bootstrap': False, 'classifier__criterion': 'entropy', 'classifier__max_depth': 5, 'classifier__n_estimators': 50}"
0.845322,"{'classifier': AdaBoostClassifier(), 'classifier__estimator': DecisionTreeClassifier(max_depth=5), 'classifier__learning_rate': 0.01, 'classifier__n_estimators': 200}"
0.845322,"{'classifier': DecisionTreeClassifier(), 'classifier__criterion': 'entropy', 'classifier__max_depth': 10}"
0.811988,"{'classifier': AdaBoostClassifier(), 'classifier__estimator': DecisionTreeClassifier(max_depth=5), 'classifier__learning_rate': 0.1, 'classifier__n_estimators': 50}"
0.662573,"{'classifier': LGBMClassifier(), 'classifier__learning_rate': 0.001, 'classifier__max_depth': 3, 'classifier__n_estimators': 100, 'classifier__num_leaves': 1024}"
0.662573,"{'classifier': LGBMClassifier(), 'classifier__learning_rate': 0.001, 'classifier__max_depth': 3, 'classifier__n_estimators': 200, 'classifier__num_leaves': 1024}"
0.662573,"{'classifier': LGBMClassifier(), 'classifier__learning_rate': 0.001, 'classifier__max_depth': 5, 'classifier__n_estimators': 50, 'classifier__num_leaves': 1024}"
0.662573,"{'classifier': LGBMClassifier(), 'classifier__learning_rate': 0.001, 'classifier__max_depth': 5, 'classifier__n_estimators': 100, 'classifier__num_leaves': 1024}"
0.662573,"{'classifier': LGBMClassifier(), 'classifier__learning_rate': 0.001, 'classifier__max_depth': 5, 'classifier__n_estimators': 200, 'classifier__num_leaves': 1024}"
0.662573,"{'classifier': LGBMClassifier(), 'classifier__learning_rate': 0.001, 'classifier__max_depth': 10, 'classifier__n_estimators': 50, 'classifier__num_leaves': 1024}"
0.662573,"{'classifier': XGBClassifier(base_score=None, booster=None, callbacks=None,
              colsample_bylevel=None, colsample_bynode=None,
              colsample_bytree=None, device=None, early_stopping_rounds=None,
              enable_categorical=False, eval_metric=None, feature_types=None,
              gamma=None, grow_policy=None, importance_type=None,
              interaction_constraints=None, learning_rate=0.01, max_bin=None,
              max_cat_threshold=None, max_cat_to_onehot=None,
              max_delta_step=None, max_depth=5, max_leaves=None,
              min_child_weight=None, missing=nan, monotone_constraints=None,
              multi_strategy=None, n_estimators=100, n_jobs=None,
              num_parallel_tree=None, random_state=None, ...), 'classifier__learning_rate': 0.001, 'classifier__max_depth': 10, 'classifier__n_estimators': 100}"
0.662573,"{'classifier': GradientBoostingClassifier(), 'classifier__learning_rate': 0.001, 'classifier__max_depth': 3, 'classifier__n_estimators': 100}"
0.662573,"{'classifier': LGBMClassifier(), 'classifier__learning_rate': 0.001, 'classifier__max_depth': 10, 'classifier__n_estimators': 100, 'classifier__num_leaves': 1024}"
0.662573,"{'classifier': LGBMClassifier(), 'classifier__learning_rate': 0.001, 'classifier__max_depth': 10, 'classifier__n_estimators': 200, 'classifier__num_leaves': 1024}"
0.662573,"{'classifier': GradientBoostingClassifier(), 'classifier__learning_rate': 0.001, 'classifier__max_depth': 3, 'classifier__n_estimators': 50}"
0.662573,"{'classifier': BaggingClassifier(), 'classifier__estimator': LogisticRegression(C=0.1, penalty='l1', solver='liblinear'), 'classifier__n_estimators': 10}"
0.662573,"{'classifier': BaggingClassifier(), 'classifier__estimator': LogisticRegression(C=0.1, penalty='l1', solver='liblinear'), 'classifier__n_estimators': 50}"
0.662573,"{'classifier': LGBMClassifier(), 'classifier__learning_rate': 0.001, 'classifier__max_depth': 3, 'classifier__n_estimators': 50, 'classifier__num_leaves': 1024}"
0.662573,"{'classifier': GradientBoostingClassifier(), 'classifier__learning_rate': 0.001, 'classifier__max_depth': 5, 'classifier__n_estimators': 50}"
0.662573,"{'classifier': GradientBoostingClassifier(), 'classifier__learning_rate': 0.001, 'classifier__max_depth': 3, 'classifier__n_estimators': 200}"
0.662573,"{'classifier': XGBClassifier(base_score=None, booster=None, callbacks=None,
              colsample_bylevel=None, colsample_bynode=None,
              colsample_bytree=None, device=None, early_stopping_rounds=None,
              enable_categorical=False, eval_metric=None, feature_types=None,
              gamma=None, grow_policy=None, importance_type=None,
              interaction_constraints=None, learning_rate=0.01, max_bin=None,
              max_cat_threshold=None, max_cat_to_onehot=None,
              max_delta_step=None, max_depth=5, max_leaves=None,
              min_child_weight=None, missing=nan, monotone_constraints=None,
              multi_strategy=None, n_estimators=100, n_jobs=None,
              num_parallel_tree=None, random_state=None, ...), 'classifier__learning_rate': 0.001, 'classifier__max_depth': 10, 'classifier__n_estimators': 200}"
0.662573,"{'classifier': GradientBoostingClassifier(), 'classifier__learning_rate': 0.001, 'classifier__max_depth': 5, 'classifier__n_estimators': 100}"
0.662573,"{'classifier': GradientBoostingClassifier(), 'classifier__learning_rate': 0.001, 'classifier__max_depth': 5, 'classifier__n_estimators': 200}"
0.662573,"{'classifier': GradientBoostingClassifier(), 'classifier__learning_rate': 0.001, 'classifier__max_depth': 10, 'classifier__n_estimators': 50}"
0.662573,"{'classifier': GradientBoostingClassifier(), 'classifier__learning_rate': 0.001, 'classifier__max_depth': 10, 'classifier__n_estimators': 100}"
0.662573,"{'classifier': GradientBoostingClassifier(), 'classifier__learning_rate': 0.001, 'classifier__max_depth': 10, 'classifier__n_estimators': 200}"
0.662573,"{'classifier': XGBClassifier(base_score=None, booster=None, callbacks=None,
              colsample_bylevel=None, colsample_bynode=None,
              colsample_bytree=None, device=None, early_stopping_rounds=None,
              enable_categorical=False, eval_metric=None, feature_types=None,
              gamma=None, grow_policy=None, importance_type=None,
              interaction_constraints=None, learning_rate=0.01, max_bin=None,
              max_cat_threshold=None, max_cat_to_onehot=None,
              max_delta_step=None, max_depth=5, max_leaves=None,
              min_child_weight=None, missing=nan, monotone_constraints=None,
              multi_strategy=None, n_estimators=100, n_jobs=None,
              num_parallel_tree=None, random_state=None, ...), 'classifier__learning_rate': 0.001, 'classifier__max_depth': 3, 'classifier__n_estimators': 50}"
0.662573,"{'classifier': XGBClassifier(base_score=None, booster=None, callbacks=None,
              colsample_bylevel=None, colsample_bynode=None,
              colsample_bytree=None, device=None, early_stopping_rounds=None,
              enable_categorical=False, eval_metric=None, feature_types=None,
              gamma=None, grow_policy=None, importance_type=None,
              interaction_constraints=None, learning_rate=0.01, max_bin=None,
              max_cat_threshold=None, max_cat_to_onehot=None,
              max_delta_step=None, max_depth=5, max_leaves=None,
              min_child_weight=None, missing=nan, monotone_constraints=None,
              multi_strategy=None, n_estimators=100, n_jobs=None,
              num_parallel_tree=None, random_state=None, ...), 'classifier__learning_rate': 0.001, 'classifier__max_depth': 3, 'classifier__n_estimators': 100}"
0.662573,"{'classifier': XGBClassifier(base_score=None, booster=None, callbacks=None,
              colsample_bylevel=None, colsample_bynode=None,
              colsample_bytree=None, device=None, early_stopping_rounds=None,
              enable_categorical=False, eval_metric=None, feature_types=None,
              gamma=None, grow_policy=None, importance_type=None,
              interaction_constraints=None, learning_rate=0.01, max_bin=None,
              max_cat_threshold=None, max_cat_to_onehot=None,
              max_delta_step=None, max_depth=5, max_leaves=None,
              min_child_weight=None, missing=nan, monotone_constraints=None,
              multi_strategy=None, n_estimators=100, n_jobs=None,
              num_parallel_tree=None, random_state=None, ...), 'classifier__learning_rate': 0.001, 'classifier__max_depth': 3, 'classifier__n_estimators': 200}"
0.662573,"{'classifier': XGBClassifier(base_score=None, booster=None, callbacks=None,
              colsample_bylevel=None, colsample_bynode=None,
              colsample_bytree=None, device=None, early_stopping_rounds=None,
              enable_categorical=False, eval_metric=None, feature_types=None,
              gamma=None, grow_policy=None, importance_type=None,
              interaction_constraints=None, learning_rate=0.01, max_bin=None,
              max_cat_threshold=None, max_cat_to_onehot=None,
              max_delta_step=None, max_depth=5, max_leaves=None,
              min_child_weight=None, missing=nan, monotone_constraints=None,
              multi_strategy=None, n_estimators=100, n_jobs=None,
              num_parallel_tree=None, random_state=None, ...), 'classifier__learning_rate': 0.001, 'classifier__max_depth': 5, 'classifier__n_estimators': 50}"
0.662573,"{'classifier': XGBClassifier(base_score=None, booster=None, callbacks=None,
              colsample_bylevel=None, colsample_bynode=None,
              colsample_bytree=None, device=None, early_stopping_rounds=None,
              enable_categorical=False, eval_metric=None, feature_types=None,
              gamma=None, grow_policy=None, importance_type=None,
              interaction_constraints=None, learning_rate=0.01, max_bin=None,
              max_cat_threshold=None, max_cat_to_onehot=None,
              max_delta_step=None, max_depth=5, max_leaves=None,
              min_child_weight=None, missing=nan, monotone_constraints=None,
              multi_strategy=None, n_estimators=100, n_jobs=None,
              num_parallel_tree=None, random_state=None, ...), 'classifier__learning_rate': 0.001, 'classifier__max_depth': 5, 'classifier__n_estimators': 100}"
0.662573,"{'classifier': XGBClassifier(base_score=None, booster=None, callbacks=None,
              colsample_bylevel=None, colsample_bynode=None,
              colsample_bytree=None, device=None, early_stopping_rounds=None,
              enable_categorical=False, eval_metric=None, feature_types=None,
              gamma=None, grow_policy=None, importance_type=None,
              interaction_constraints=None, learning_rate=0.01, max_bin=None,
              max_cat_threshold=None, max_cat_to_onehot=None,
              max_delta_step=None, max_depth=5, max_leaves=None,
              min_child_weight=None, missing=nan, monotone_constraints=None,
              multi_strategy=None, n_estimators=100, n_jobs=None,
              num_parallel_tree=None, random_state=None, ...), 'classifier__learning_rate': 0.001, 'classifier__max_depth': 5, 'classifier__n_estimators': 200}"
0.662573,"{'classifier': XGBClassifier(base_score=None, booster=None, callbacks=None,
              colsample_bylevel=None, colsample_bynode=None,
              colsample_bytree=None, device=None, early_stopping_rounds=None,
              enable_categorical=False, eval_metric=None, feature_types=None,
              gamma=None, grow_policy=None, importance_type=None,
              interaction_constraints=None, learning_rate=0.01, max_bin=None,
              max_cat_threshold=None, max_cat_to_onehot=None,
              max_delta_step=None, max_depth=5, max_leaves=None,
              min_child_weight=None, missing=nan, monotone_constraints=None,
              multi_strategy=None, n_estimators=100, n_jobs=None,
              num_parallel_tree=None, random_state=None, ...), 'classifier__learning_rate': 0.001, 'classifier__max_depth': 10, 'classifier__n_estimators': 50}"
0.662573,"{'classifier': BaggingClassifier(), 'classifier__estimator': LogisticRegression(C=0.1, penalty='l1', solver='liblinear'), 'classifier__n_estimators': 100}"
